{"cameraMode":{"drawMode":0,"name":"Shaded","section":"Shading Mode"},"sceneLighting":true,"audioPlay":false,"sceneViewState":{"showFog":false,"showMaterialUpdate":false,"showSkybox":false,"showFlares":false,"showImageEffects":false,"showParticleSystems":false},"in2DMode":false,"pivot":{"x":0.15099048614501954,"y":-0.5422878265380859,"z":-15.589932441711426},"rotation":{"x":0.02006586641073227,"y":0.9778048992156982,"z":-0.1797236204147339,"w":0.10715089738368988},"size":28.61659049987793,"orthographic":false}