{"cameraMode":{"drawMode":0,"name":"Shaded","section":"Shading Mode"},"sceneLighting":true,"audioPlay":false,"sceneViewState":{"showFog":false,"showMaterialUpdate":false,"showSkybox":false,"showFlares":false,"showImageEffects":false,"showParticleSystems":false},"in2DMode":false,"pivot":{"x":-3.3149771690368654,"y":1.9666470289230347,"z":-3.101909637451172},"rotation":{"x":0.013985061086714268,"y":0.9854609966278076,"z":-0.09515729546546936,"w":0.14106538891792298},"size":9.920347213745118,"orthographic":false}